title	price	listing_url	location	installment	posted_time	year	lower_km	upper_km
[OLXmobbi] Honda Civic 1.5 E Hatchback Bensin-AT 2019 Putih	372000000	https://olx.co.id/olxmobbi/item/olxmobbi-honda-civic-15-e-hatchback-bensin-at-2019-putih-iid-922269768	Pesanggrahan	8400000.0	25 Jun	2019.0	40000.0	45000.0
[OLXmobbi] Honda Civic 2.0 FB3 Bensin-AT 2015 Abu-Abu (KBO)	209000000	https://olx.co.id/olxmobbi/item/olxmobbi-honda-civic-20-fb3-bensin-at-2015-abu-abu-kbo-iid-921671513	Cilandak	4700000.0	25 Jun	2015.0	105000.0	110000.0
[OLXmobbi] Honda Civic 1.5 ES Bensin-AT 2016 Putih (VX)	260000000	https://olx.co.id/olxmobbi/item/olxmobbi-honda-civic-15-es-bensin-at-2016-putih-vx-iid-922297720	Cilandak	5800000.0	25 Jun	2016.0		85000.0
[OLXmobbi] Honda Civic 1.5 E Hatchback Bensin-AT 2018 Hitam (SYT)	351000000	https://olx.co.id/olxmobbi/item/olxmobbi-honda-civic-15-e-hatchback-bensin-at-2018-hitam-syt-iid-922009546	Kebayoran Lama	7900000.0	25 Jun	2018.0	40000.0	45000.0
Honda Civic FB3 2.0 2014 Mint Condition	173000000	https://olx.co.id/olxmobbi/item/honda-civic-fb3-20-2014-mint-condition-iid-920462200	Cilandak	0.0	15 Mei	2014.0	95000.0	100000.0
Honda Civic 1.5 Turbo HatchBack 2020 FullOriginal SepertiBaru Gresss	328000000	https://olx.co.id/olxmobbi/item/honda-civic-15-turbo-hatchback-2020-fulloriginal-sepertibaru-gresss-iid-920374099	Cilandak	0.0	13 Jun	2020.0	35000.0	40000.0
Honda Civic 1.8 FB2 A/T ( 2015 )	200000000	https://olx.co.id/olxmobbi/item/honda-civic-18-fb2-at-2015--iid-921685128	Kebayoran Lama		10 Jun	2015.0	45000.0	50000.0
KM.40rb Facelift Honda Civic 1.8 2014 #aokl#	188000000	https://olx.co.id/olxmobbi/item/km40rb-facelift-honda-civic-18-2014-aokl-iid-921389847	Kebayoran Lama	0.0	04 Jun	2014.0	40000.0	45000.0
Honda Civic 1.8 FD AT 2008	127000000	https://olx.co.id/olxmobbi/item/honda-civic-18-fd-at-2008-iid-922302513	Cilandak	0.0	25 Jun	2008.0	155000.0	160000.0
HONDA CIVIC FB 1.8 A/T 2012	143000000	https://olx.co.id/olxmobbi/item/honda-civic-fb-18-at-2012-iid-921898330	Pesanggrahan	0.0	25 Jun	2012.0	140000.0	145000.0
Civic 1.5 RS Turbo 2022 metic istimewa	485000000	https://olx.co.id/olxmobbi/item/civic-15-rs-turbo-2022-metic-istimewa-iid-922269991	Cilandak	0.0	25 Jun	2022.0	30000.0	35000.0
Jual Cash Honda Civic Turbo 1.5 Hatchback E (AT) 2018	363000000	https://olx.co.id/olxmobbi/item/jual-cash-honda-civic-turbo-15-hatchback-e-at-2018-iid-922265821	PesanggrahanKemarin	0.0	24 Jun			35000.0
HONDA CIVIC HATCHBACK 1.5 RS 2020 PUTIH	391000000	https://olx.co.id/olxmobbi/item/honda-civic-hatchback-15-rs-2020-putih-iid-922258669	Mampang PrapatanKemarin		24 Jun		20000.0	25000.0
(LOW KM) Honda Civic ES AT 2016	315000000	https://olx.co.id/olxmobbi/item/low-km-honda-civic-es-at-2016-iid-922185255	Kebayoran Lama	0.0	22 Jun	2016.0	30000.0	35000.0
HONDA CIVIC ES PRESTIGE NIK 2020	382000000	https://olx.co.id/olxmobbi/item/honda-civic-es-prestige-nik-2020-iid-922168758	Kebayoran Lama	0.0	22 Jun	2020.0	10000.0	15000.0
Honda civic vtis 2001 automatic	59999999	https://olx.co.id/olxmobbi/item/honda-civic-vtis-2001-automatic-iid-922165869	Kebayoran Lama	0.0	22 Jun	2001.0	200000.0	205000.0
HONDA CIVIC ES CVT AT 2018	345000000	https://olx.co.id/olxmobbi/item/honda-civic-es-cvt-at-2018-iid-922164932	Kebayoran Lama	0.0	22 Jun	2018.0	35000.0	40000.0
HONDA CIVIC RS HATCHBACK 2020 ANTIK KM 20 RB ISTIMEWA JARANG ADA	391000000	https://olx.co.id/olxmobbi/item/honda-civic-rs-hatchback-2020-antik-km-20-rb-istimewa-jarang-ada-iid-922154746	Cilandak	0.0	22 Jun	2020.0	15000.0	20000.0
HONDA CIVIC ES 2019 ANTIK KM 30 RB ISTIMEWA JARANG ADA	346000000	https://olx.co.id/olxmobbi/item/honda-civic-es-2019-antik-km-30-rb-istimewa-jarang-ada-iid-922154472	Pancoran		22 Jun	2019.0	25000.0	30000.0
[OLXmobbi] Honda Civic 1.5 E Hatchback Bensin-AT 2019 Putih	372000000	https://olx.co.id/olxmobbi/item/olxmobbi-honda-civic-15-e-hatchback-bensin-at-2019-putih-iid-922269768	Pasar Minggu	8400000.0	25 Jun	2019.0	40000.0	45000.0
[OLXmobbi] Honda Civic 1.5 E Hatchback Bensin-AT 2018 Hitam (SYT)	351000000	https://olx.co.id/olxmobbi/item/olxmobbi-honda-civic-15-e-hatchback-bensin-at-2018-hitam-syt-iid-922008684	Pasar Minggu	7900000.0	25 Jun	2018.0	40000.0	45000.0
[OLXmobbi] Honda Civic 1.5 E Hatchback Bensin-AT 2018 Hitam (SYT)	351000000	https://olx.co.id/olxmobbi/item/olxmobbi-honda-civic-15-e-hatchback-bensin-at-2018-hitam-syt-iid-922008018	Mampang Prapatan	7900000.0	25 Jun	2018.0		45000.0
[OLXmobbi] Honda Civic 1.5 E Hatchback Bensin-AT 2018 Hitam (SYT)	351000000	https://olx.co.id/olxmobbi/item/olxmobbi-honda-civic-15-e-hatchback-bensin-at-2018-hitam-syt-iid-922010359	Pesanggrahan	7900000.0	25 Jun	2018.0	40000.0	45000.0
[OLXmobbi] Honda Civic 2.0 FB3 Bensin-AT 2015 Abu-Abu (KBO)	209000000	https://olx.co.id/olxmobbi/item/olxmobbi-honda-civic-20-fb3-bensin-at-2015-abu-abu-kbo-iid-921204632	Cilandak	4700000.0	25 Jun	2015.0		110000.0
Honda Civic Turbo 1.5 ES Sedan AT 2018	325000000	https://olx.co.id/olxmobbi/item/honda-civic-turbo-15-es-sedan-at-2018-iid-921730846	Jakarta Selatan	0.0	11 Jun	2018.0	80000.0	85000.0
Honda Civic 1.8 FB AT Allnew 2013 Full Original SepertiBaru Istimewa	148000000	https://olx.co.id/olxmobbi/item/honda-civic-18-fb-at-allnew-2013-full-original-sepertibaru-istimewa-iid-920995820	Cilandak	0.0	21 Jun	2013.0	70000.0	75000.0
2007 Honda Civic FD 1.8 Automatic	123000000	https://olx.co.id/olxmobbi/item/2007-honda-civic-fd-18-automatic-iid-922043077	Cilandak		19 Jun	2007.0	120000.0	125000.0
Honda Civic 1.5 Turbo Prestige CVT Sedan Hitam 2016 Istimewah	305000000	https://olx.co.id/olxmobbi/item/honda-civic-15-turbo-prestige-cvt-sedan-hitam-2016-istimewah-iid-914168420	Jakarta Selatan	0.0	21 Jun	2016.0	65000.0	70000.0
Honda Civic Turbo ES cvt 2017 / Civic  matic 2017	320000000	https://olx.co.id/olxmobbi/item/honda-civic-turbo-es-cvt-2017-civic-matic-2017-iid-922120878	Pasar Minggu	0.0	21 Jun	2017.0	70000.0	75000.0
(++ condition) Honda civic RS 2022 turbo low km	515000000	https://olx.co.id/olxmobbi/item/condition-honda-civic-rs-2022-turbo-low-km-iid-922120775	Kebayoran Lama	0.0	21 Jun	2022.0	15000.0	20000.0
H.Civic 1.5 ES Turbo 2016 Ser rec	287000000	https://olx.co.id/olxmobbi/item/hcivic-15-es-turbo-2016-ser-rec-iid-922102432	Cilandak	0.0	20 Jun	2016.0	60000.0	65000.0
Civic Turbo ES (6 Airbag) 2017 Matic (Sedan)	290000000	https://olx.co.id/olxmobbi/item/civic-turbo-es-6-airbag-2017-matic-sedan-iid-922098492	Kebayoran Baru	0.0	20 Jun	2018.0	55000.0	60000.0
Honda Civic Turbo 1.5 ES AT 2016	315000000	https://olx.co.id/olxmobbi/item/honda-civic-turbo-15-es-at-2016-iid-922068758	Kebayoran Lama	0.0	19 Jun	2016.0	30000.0	35000.0
HONDA CIVIC FD1 1.8 AT CBU 2011 PEMAKAIAN 2012	146000000	https://olx.co.id/olxmobbi/item/honda-civic-fd1-18-at-cbu-2011-pemakaian-2012-iid-922063796	Cilandak	0.0	19 Jun	2011.0	155000.0	160000.0
Honda Civic FD 1.8 2008	127000000	https://olx.co.id/olxmobbi/item/honda-civic-fd-18-2008-iid-922049784	Kebayoran Baru		19 Jun	2008.0	160000.0	165000.0
DIJUAL! Honda Civic Fd 1 tahun 2009 AT 1.8	150000000	https://olx.co.id/olxmobbi/item/dijual-honda-civic-fd-1-tahun-2009-at-18-iid-922019678	Cilandak	0.0	18 Jun	2009.0	95000.0	100000.0
Honda Civic FD 2006 1.8 M/T Manual Silver	118000000	https://olx.co.id/olxmobbi/item/honda-civic-fd-2006-18-mt-manual-silver-iid-922019409	Kebayoran Baru		18 Jun	2006.0	140000.0	145000.0
Di jual honda civic mulus terawat	105000000	https://olx.co.id/olxmobbi/item/di-jual-honda-civic-mulus-terawat-iid-921999090	Kebayoran Lama	0.0	18 Jun	2008.0		130000.0
[OLXmobbi] Honda Civic 1.5 E Hatchback Bensin-AT 2019 Putih	372000000	https://olx.co.id/olxmobbi/item/olxmobbi-honda-civic-15-e-hatchback-bensin-at-2019-putih-iid-922269768	Cilandak	8400000.0	25 Jun	2019.0	40000.0	45000.0
[OLX AUTOS] TDP 10JT Honda Civic 2.0 FB3 Bensin-AT 2015 Hitam (TBD)	172000000	https://olx.co.id/olxmobbi/item/olx-autos-tdp-10jt-honda-civic-20-fb3-bensin-at-2015-hitam-tbd-iid-917310290	Cilandak		25 Jun	2015.0		130000.0
[OLX Mobbi] Honda Jazz 1.5 RS Bensin-MT 2019 8YH	242000000	https://olx.co.id/olxmobbi/item/olx-mobbi-honda-jazz-15-rs-bensin-mt-2019-8yh-iid-921728198	Cilandak	5400000.0	25 Jun	2019.0	60000.0	65000.0
[OLXmobbi] Honda Jazz 1.5 S Bensin-AT 2018 Putih 9CW	198000000	https://olx.co.id/olxmobbi/item/olxmobbi-honda-jazz-15-s-bensin-at-2018-putih-9cw-iid-920924886	Pesanggrahan	4400000.0	25 Jun	2018.0	60000.0	65000.0
[OLXmobbi] Honda Jazz 1.5 S Bensin-AT 2018 Putih 9CW	198000000	https://olx.co.id/olxmobbi/item/olxmobbi-honda-jazz-15-s-bensin-at-2018-putih-9cw-iid-920883882	Cilandak	4400000.0	25 Jun	2018.0	50000.0	55000.0
[OLXmobbi] Honda Jazz 1.5 S Bensin-AT 2018 Abu	188000000	https://olx.co.id/olxmobbi/item/olxmobbi-honda-jazz-15-s-bensin-at-2018-abu-iid-921069564	Pasar Minggu	4200000.0	25 Jun	2018.0	75000.0	80000.0
HONDA JAZZ RS 1.5 AT 2018 - 2019	215000000	https://olx.co.id/olxmobbi/item/honda-jazz-rs-15-at-2018-2019-iid-922157334	Pasar Minggu	0.0	22 Jun	2018.0	30000.0	35000.0
Honda Jazz Rs Gk5 Facelift 2018 Km 58Rb !	240000000	https://olx.co.id/olxmobbi/item/honda-jazz-rs-gk5-facelift-2018-km-58rb--iid-921867070	Kebayoran Lama	0.0	14 Jun	2018.0	55000.0	60000.0
Honda Jazz 2015 km rendah 41rb kondisi terawat	167000000	https://olx.co.id/olxmobbi/item/honda-jazz-2015-km-rendah-41rb-kondisi-terawat-iid-918751994	Kebayoran Lama	0.0	01 Apr	2015.0	35000.0	
CASH Honda Jazz RS Matic full Ori	132000000	https://olx.co.id/olxmobbi/item/cash-honda-jazz-rs-matic-full-ori-iid-922303319	Cilandak		25 Jun	2013.0	115000.0	120000.0
Honda Jazz RS a/t GE8 2012 service record honda bintaro	155000000	https://olx.co.id/olxmobbi/item/honda-jazz-rs-at-ge8-2012-service-record-honda-bintaro-iid-922296608	Kebayoran Lama	0.0	25 Jun	2012.0	140000.0	
(Tdp22juta) Honda Jazz Rs 2011 GE8 AT	123000000	https://olx.co.id/olxmobbi/item/tdp22juta-honda-jazz-rs-2011-ge8-at-iid-922288489	Cilandak	0.0	25 Jun		85000.0	90000.0
Honda jazz GD3 2004	63000000	https://olx.co.id/olxmobbi/item/honda-jazz-gd3-2004-iid-922286817	Pesanggrahan	0.0	25 Jun	2004.0	170000.0	175000.0
For sale jazz rs 2016	180000000	https://olx.co.id/olxmobbi/item/for-sale-jazz-rs-2016-iid-922279652	Mampang Prapatan	0.0	25 Jun	2016.0	90000.0	95000.0
Honda Jazz RS 2009 low kilometer hitam automatic	115000000	https://olx.co.id/olxmobbi/item/honda-jazz-rs-2009-low-kilometer-hitam-automatic-iid-922266269	Kebayoran LamaKemarin	0.0	24 Jun	2009.0	90000.0	
Honda Jazz RS 2013 GE8	155000000	https://olx.co.id/olxmobbi/item/honda-jazz-rs-2013-ge8-iid-915717379	Kebayoran BaruKemarin	0.0	24 Jun	2013.0	140000.0	145000.0
Honda Jazz 2015 Bensin	185000000	https://olx.co.id/olxmobbi/item/honda-jazz-2015-bensin-iid-920899967	CilandakKemarin	0.0	24 Jun	2015.0	25000.0	30000.0
Honda Jazz 2010 RS matic Tdp 10 jt	118000000	https://olx.co.id/olxmobbi/item/honda-jazz-2010-rs-matic-tdp-10-jt-iid-922240917	Pasar MingguKemarin	0.0	24 Jun	2010.0	85000.0	
jazz murah mulus	195000000	https://olx.co.id/olxmobbi/item/jazz-murah-mulus-iid-922233382	CilandakKemarin		24 Jun	2019.0		35000.0
Honda New Jazz 1.5 RS AT Facelift LED Headlamp NIK 2019	240000000	https://olx.co.id/olxmobbi/item/honda-new-jazz-15-rs-at-facelift-led-headlamp-nik-2019-iid-922230751	Kebayoran BaruKemarin	0.0	24 Jun	2019.0	30000.0	35000.0
[OLX Mobbi] Honda Jazz 1.5 RS Bensin-MT 2019 8YH	242000000	https://olx.co.id/olxmobbi/item/olx-mobbi-honda-jazz-15-rs-bensin-mt-2019-8yh-iid-921728198	Pancoran	5400000.0	25 Jun	2019.0	60000.0	65000.0
[OLXmobbi] Honda Jazz 1.5 E Bensin-AT 2012 Putih	141000000	https://olx.co.id/olxmobbi/item/olxmobbi-honda-jazz-15-e-bensin-at-2012-putih-iid-921724053	Pesanggrahan	3100000.0	25 Jun	2012.0	85000.0	90000.0
[OLXmobbi] Honda Jazz 1.5 RS Bensin-MT 2017 Putih (SOY)	193000000	https://olx.co.id/olxmobbi/item/olxmobbi-honda-jazz-15-rs-bensin-mt-2017-putih-soy-iid-919238468	Pasar Minggu	4300000.0	25 Jun		55000.0	60000.0
TDP 17,5JT [OLXmobbi] Honda Jazz 1.5 RS Bensin-AT 2019 Orange	222000000	https://olx.co.id/olxmobbi/item/tdp-175jt-olxmobbi-honda-jazz-15-rs-bensin-at-2019-orange-iid-922175621	Kebayoran Lama	5000000.0	25 Jun	2019.0	45000.0	50000.0
[OLXmobbi] Honda Jazz 1.5 RS Black Top Limited Edition Bensin-AT 2020	245000000	https://olx.co.id/olxmobbi/item/olxmobbi-honda-jazz-15-rs-black-top-limited-edition-bensin-at-2020-iid-922227078	Pasar Minggu	5500000.0	25 Jun	2020.0	45000.0	
Honda Jazz RS 2020 AT jrg ada	239000000	https://olx.co.id/olxmobbi/item/honda-jazz-rs-2020-at-jrg-ada-iid-922188163	Jakarta Selatan	0.0	22 Jun	2020.0		
Honda Jazz 2004 Bensin	72500000	https://olx.co.id/olxmobbi/item/honda-jazz-2004-bensin-iid-922185938	Kebayoran Lama	0.0	22 Jun	2004.0	210000.0	215000.0
Honda Jazz 2017 Bensin	194000000	https://olx.co.id/olxmobbi/item/honda-jazz-2017-bensin-iid-922176981	Pesanggrahan	0.0	22 Jun	2017.0	115000.0	
HONDA JAZZ RS 1.5 AT 2009	110000000	https://olx.co.id/olxmobbi/item/honda-jazz-rs-15-at-2009-iid-919344074	Pasar Minggu	0.0	22 Jun	2009.0	90000.0	95000.0
Honda Jazz 1.5 RS CVT GK5 AT 2021	249000000	https://olx.co.id/olxmobbi/item/honda-jazz-15-rs-cvt-gk5-at-2021-iid-922170514	Cilandak	0.0	22 Jun	2021.0	35000.0	40000.0
Jazz RS 1.5 AT 2018 KM 60rb pjk hdp bln 11 pribadi mobil terawat	225000000	https://olx.co.id/olxmobbi/item/jazz-rs-15-at-2018-km-60rb-pjk-hdp-bln-11-pribadi-mobil-terawat-iid-922164357	Kebayoran Baru	0.0	22 Jun	2018.0	55000.0	
Km 50rb Honda Jazz RS 2015 AT	178000000	https://olx.co.id/olxmobbi/item/km-50rb-honda-jazz-rs-2015-at-iid-922151733	Jakarta Selatan	0.0	21 Jun	2015.0	50000.0	55000.0
Honda Jazz Rs 1.5 AT Hitam 2018	227000000	https://olx.co.id/olxmobbi/item/honda-jazz-rs-15-at-hitam-2018-iid-922143189	Kebayoran Baru	0.0	21 Jun	2018.0	40000.0	45000.0
[DP 7 JT ] Jazz RS 2011 / 2012 Facelift Automatic Tgn 1 Jaminan Istime	124000000	https://olx.co.id/olxmobbi/item/dp-7-jt-jazz-rs-2011-2012-facelift-automatic-tgn-1-jaminan-istime-iid-922136719	Kebayoran Baru	0.0	21 Jun	2011.0	115000.0	120000.0
HONDA JAZZ RS 1.5 AT 2020	235000000	https://olx.co.id/olxmobbi/item/honda-jazz-rs-15-at-2020-iid-920518434	Pasar Minggu	0.0	21 Jun	2020.0	25000.0	30000.0
Jazz RS CVT AT 2015 Silver	170000000	https://olx.co.id/olxmobbi/item/jazz-rs-cvt-at-2015-silver-iid-922119338	Pasar Minggu		21 Jun	2015.0	100000.0	105000.0
[OLXmobbi] Honda Jazz 1.5 S Bensin-AT 2018 Putih 9CW	198000000	https://olx.co.id/olxmobbi/item/olxmobbi-honda-jazz-15-s-bensin-at-2018-putih-9cw-iid-920924886	Kebayoran Lama	4400000.0	25 Jun	2018.0	60000.0	65000.0
[OLXmobbi] Honda Jazz 1.5 RS Bensin-MT 2018 Hitam	202000000	https://olx.co.id/olxmobbi/item/olxmobbi-honda-jazz-15-rs-bensin-mt-2018-hitam-iid-922128825	Pasar Minggu	4500000.0	25 Jun	2018.0	45000.0	50000.0
[OLXmobbi] Honda Jazz 1.5 S Bensin-MT 2017 Hitam	169000000	https://olx.co.id/olxmobbi/item/olxmobbi-honda-jazz-15-s-bensin-mt-2017-hitam-iid-922231088	Pasar Minggu	3800000.0	25 Jun	2017.0	60000.0	65000.0
[OLXmobbi] _TDP 28JT Honda Jazz 1.5 RS Bensin-AT 2019 Abu	243000000	https://olx.co.id/olxmobbi/item/olxmobbi-tdp-28jt-honda-jazz-15-rs-bensin-at-2019-abu-iid-921345641	Cilandak	5500000.0	25 Jun	2019.0	50000.0	55000.0
[OLXmobbi] TDP 7,JT Honda Jazz 1.5 E Bensin Putih 2012	134000000	https://olx.co.id/olxmobbi/item/olxmobbi-tdp-7jt-honda-jazz-15-e-bensin-putih-2012-iid-921866376	Cilandak	3000000.0	25 Jun	2012.0	75000.0	80000.0
Honda Jazz 2010 S Automatic Putih ANTIK TDP 7 JT	120000000	https://olx.co.id/olxmobbi/item/honda-jazz-2010-s-automatic-putih-antik-tdp-7-jt-iid-922113841	Cilandak	0.0	21 Jun	2010.0	100000.0	105000.0
[OLXmobbi] Kia Rio 1.4 SE Bensin-AT 2014 Hita	125000000	https://olx.co.id/olxmobbi/item/olxmobbi-kia-rio-14-se-bensin-at-2014-hita-iid-920470914	Pancoran Mas	2800000.0	25 Jun	2014.0	115000.0	120000.0
[OLXmobbi] Kia Rio 1.4 SE Bensin-AT 2014 Putih (SMO)	130000000	https://olx.co.id/olxmobbi/item/olxmobbi-kia-rio-14-se-bensin-at-2014-putih-smo-iid-921054570	Jati Sampurna	2900000.0	25 Jun	2014.0	105000.0	110000.0
[OLXmobbi] Kia Rio 1.4 SE Bensin-AT 2014 Putih(SMO)	115000000	https://olx.co.id/olxmobbi/item/olxmobbi-kia-rio-14-se-bensin-at-2014-putihsmo-iid-922138713	Pondok Gede	2600000.0	25 Jun	2014.0	105000.0	110000.0
[OLXmobbi] Kia Rio 1.4 SE Bensin-AT 2014 Putih (SMO-)	130000000	https://olx.co.id/olxmobbi/item/olxmobbi-kia-rio-14-se-bensin-at-2014-putih-smo--iid-922268793	Pondok Gede	2900000.0	25 Jun	2014.0	105000.0	110000.0
KM Low Antik Kia Rio Sunroof ABS 2017 Istimewa #aokr#	173000000	https://olx.co.id/olxmobbi/item/km-low-antik-kia-rio-sunroof-abs-2017-istimewa-aokr-iid-921688288	Kramat Jati	0.0	10 Jun	2017.0	25000.0	30000.0
KM Low Antik Kia Rio Sunroof ABS 2017 Istimewa #aopa#	173000000	https://olx.co.id/olxmobbi/item/km-low-antik-kia-rio-sunroof-abs-2017-istimewa-aopa-iid-921688513	Pondok Aren	0.0	10 Jun	2017.0	25000.0	30000.0
DP 20jt // KIA Rio manual 2015 nik 2014	114000000	https://olx.co.id/olxmobbi/item/dp-20jt-kia-rio-manual-2015-nik-2014-iid-918021051	Laweyan	0.0	20 Jun	2015.0	100000.0	105000.0
Kia Rio SE Pride 2010 AT Bensin	65000000	https://olx.co.id/olxmobbi/item/kia-rio-se-pride-2010-at-bensin-iid-922079770	Kalisari	0.0	20 Jun	2010.0	155000.0	
Kia Rio MT 2012 Putih	110000000	https://olx.co.id/olxmobbi/item/kia-rio-mt-2012-putih-iid-922306892	Setu		25 Jun			80000.0
Kia Rio 2000 Bensin	42000000	https://olx.co.id/olxmobbi/item/kia-rio-2000-bensin-iid-922296053	Kramat Jati	0.0	25 Jun	2000.0	155000.0	
Kia All New Rio 2012 MT	90000000	https://olx.co.id/olxmobbi/item/kia-all-new-rio-2012-mt-iid-922293966	Sukmajaya	0.0	25 Jun	2012.0	105000.0	110000.0
Dijual mobil new KIA RIO 2013 AT	110000000	https://olx.co.id/olxmobbi/item/dijual-mobil-new-kia-rio-2013-at-iid-922292684	Wonosalam	0.0	25 Jun		105000.0	110000.0
Kia Rio 2012 at mulus	120000000	https://olx.co.id/olxmobbi/item/kia-rio-2012-at-mulus-iid-922292513	Bojongloa Kidul	0.0	25 Jun	2012.0	85000.0	90000.0
KIA RIO 2013 MT	115000000	https://olx.co.id/olxmobbi/item/kia-rio-2013-mt-iid-922284843	Bojongsoang	0.0	25 Jun	2013.0		
Kia Rio 2011 Bensin	63000000	https://olx.co.id/olxmobbi/item/kia-rio-2011-bensin-iid-922284769	Bojongloa Kidul	0.0	25 Jun	2011.0	155000.0	160000.0
KIA RIO SE MANUAL 2014 MURAH !	102500000	https://olx.co.id/olxmobbi/item/kia-rio-se-manual-2014-murah--iid-922270040	Cirebon Kota	0.0	25 Jun	2014.0	90000.0	95000.0
Kia Rio 2014 Bensin	125000000	https://olx.co.id/olxmobbi/item/kia-rio-2014-bensin-iid-922269684	Soreang	0.0	25 Jun	2014.0	115000.0	120000.0
SIAP PAKAI KIA RIO 2014 + BONUS	108250000	https://olx.co.id/olxmobbi/item/siap-pakai-kia-rio-2014-bonus-iid-922260256	TarumajayaKemarin		24 Jun	2014.0	130000.0	
Kia Rio 2013 Bensin	110000000	https://olx.co.id/olxmobbi/item/kia-rio-2013-bensin-iid-922256653	TawangKemarin	0.0	24 Jun	2013.0	115000.0	120000.0
[OLXmobbi] Kia Rio 1.4 SE Bensin-AT 2014 Hita	125000000	https://olx.co.id/olxmobbi/item/olxmobbi-kia-rio-14-se-bensin-at-2014-hita-iid-920470914	Bekasi Utara	2800000.0	25 Jun	2014.0	115000.0	120000.0
[OLXmobbi] Kia Rio 1.4 SE Bensin-AT 2012 Abu(KYB)	102000000	https://olx.co.id/olxmobbi/item/olxmobbi-kia-rio-14-se-bensin-at-2012-abukyb-iid-918930182	Cibubur		25 Jun	2012.0	65000.0	70000.0
[OLXmobbi] Kia Rio 1.4 SE Bensin-AT 2012 silver (KYB)	95000000	https://olx.co.id/olxmobbi/item/olxmobbi-kia-rio-14-se-bensin-at-2012-silver-kyb-iid-921026451	Cibubur		25 Jun	2012.0	65000.0	70000.0
KIA Rio 1.4 Bensin-AT Automatic 2014 Merah	107000000	https://olx.co.id/olxmobbi/item/kia-rio-14-bensin-at-automatic-2014-merah-iid-921032643	Beji	2400000.0	25 Jun	2014.0	120000.0	125000.0
[OLXmobbi] Kia Rio 1.4 SE Bensin-AT 2014 Putih (SMO)	115000000	https://olx.co.id/olxmobbi/item/olxmobbi-kia-rio-14-se-bensin-at-2014-putih-smo-iid-921125258	Bekasi Barat	2600000.0	25 Jun	2014.0	105000.0	110000.0
KM Low Antik Kia Rio Sunroof ABS 2017 Istimewa #aokl#	173000000	https://olx.co.id/olxmobbi/item/km-low-antik-kia-rio-sunroof-abs-2017-istimewa-aokl-iid-921897086	Kebayoran Lama	0.0	15 Jun	2017.0	25000.0	30000.0
DP 10jt  / KIA Rio manual 2012	97000000	https://olx.co.id/olxmobbi/item/dp-10jt-kia-rio-manual-2012-iid-920701896	Berbah	0.0	22 Jun	2012.0	95000.0	100000.0
New Rio 2012 at yg keren	105000000	https://olx.co.id/olxmobbi/item/new-rio-2012-at-yg-keren-iid-921257816	Klojen	0.0	01 Jun	2012.0	130000.0	135000.0
Kia Rio 2013 Bensin	110000000	https://olx.co.id/olxmobbi/item/kia-rio-2013-bensin-iid-922256651	TawangKemarin	0.0	24 Jun	2013.0		120000.0
Kia Rio 2015 Bensin	150000000	https://olx.co.id/olxmobbi/item/kia-rio-2015-bensin-iid-922238919	CisaukKemarin	0.0	24 Jun		115000.0	120000.0
Jual kia rio sf 2005 original	40000000	https://olx.co.id/olxmobbi/item/jual-kia-rio-sf-2005-original-iid-922227442	KatapangKemarin		24 Jun	2005.0	90000.0	95000.0
Kia Rio 2013 Bensin	118000000	https://olx.co.id/olxmobbi/item/kia-rio-2013-bensin-iid-922220771	Regol		23 Jun	2013.0	85000.0	90000.0
Kia Rio matic 1.3	110000000	https://olx.co.id/olxmobbi/item/kia-rio-matic-13-iid-922214067	Bogor Selatan - Kota	0.0	23 Jun	2014.0	75000.0	80000.0
Kia Rio 1.4 AT 2012 Abu Siap Pakai	99000000	https://olx.co.id/olxmobbi/item/kia-rio-14-at-2012-abu-siap-pakai-iid-922196197	Serpong	0.0	22 Jun	2012.0	100000.0	105000.0
Kia Rio 2015 Bensin	72500000	https://olx.co.id/olxmobbi/item/kia-rio-2015-bensin-iid-922189703	Gondokusuman	0.0	22 Jun	2015.0	300000.0	
Kia Rio 2013 Bensin	127000000	https://olx.co.id/olxmobbi/item/kia-rio-2013-bensin-iid-922189026	Kedaton	0.0	22 Jun	2013.0	115000.0	120000.0
Kia Rio 1.4 AT 2012 [ Termurah ]	99000000	https://olx.co.id/olxmobbi/item/kia-rio-14-at-2012-termurah--iid-922182368	Cempaka Putih	0.0	22 Jun	2012.0	105000.0	
Jual Rio SE ( AT ) 2014/2013	120000000	https://olx.co.id/olxmobbi/item/jual-rio-se-at-20142013-iid-922179495	Lengkong	0.0	22 Jun	2013.0	70000.0	75000.0
Kia Rio 1.4 At 2012 Abu Abu metalik	99000000	https://olx.co.id/olxmobbi/item/kia-rio-14-at-2012-abu-abu-metalik-iid-922153091	Gading Serpong	0.0	21 Jun		100000.0	
[OLXmobbi] Kia Rio 1.4 SE Bensin-AT 2014 Hita	125000000	https://olx.co.id/olxmobbi/item/olxmobbi-kia-rio-14-se-bensin-at-2014-hita-iid-920470914	Bekasi Barat	2800000.0	25 Jun	2014.0	115000.0	120000.0
[OLXmobbi] Kia Rio 1.4 SE Bensin-AT 2014 Putih (SMO)	109000000	https://olx.co.id/olxmobbi/item/olxmobbi-kia-rio-14-se-bensin-at-2014-putih-smo-iid-920298199	Cibubur	2400000.0	25 Jun	2014.0	105000.0	
[OLXmobbi] KIA RIO 1.4 BENSIN A/T 2016 MERAH	151000000	https://olx.co.id/olxmobbi/item/olxmobbi-kia-rio-14-bensin-at-2016-merah-iid-919019694	Dago	3400000.0	25 Jun		35000.0	
[OLXmobbi] KIA RIO 1.4 BENSIN A/T 2013 PUTIH	122000000	https://olx.co.id/olxmobbi/item/olxmobbi-kia-rio-14-bensin-at-2013-putih-iid-922148606	Cimahi Utara	2700000.0	25 Jun	2013.0	90000.0	95000.0
[OLXmobbi] KIA RIO 1.4 BENSIN A/T 2016 MERAH	151000000	https://olx.co.id/olxmobbi/item/olxmobbi-kia-rio-14-bensin-at-2016-merah-iid-919020790	Soekarno HattaKemarin	3400000.0	24 Jun		35000.0	40000.0
Kia Rio 2001 Bensin	28500000	https://olx.co.id/olxmobbi/item/kia-rio-2001-bensin-iid-922150671	Kalideres	0.0	21 Jun		195000.0	200000.0
KIA RIO 1.4 SE AT tahun 2013 istimewa terawat siap pakai	107500000	https://olx.co.id/olxmobbi/item/kia-rio-14-se-at-tahun-2013-istimewa-terawat-siap-pakai-iid-922146600	Mampang Prapatan	0.0	21 Jun	2013.0	105000.0	110000.0
DP 14JT // NEW KIA RIO SE 1.4 AT 2013	109000000	https://olx.co.id/olxmobbi/item/dp-14jt-new-kia-rio-se-14-at-2013-iid-922136225	Lengkong	0.0	21 Jun	2013.0	105000.0	110000.0
Kia Rio 2012 Bensin	90000000	https://olx.co.id/olxmobbi/item/kia-rio-2012-bensin-iid-920433777	Cicurug	0.0	21 Jun	2012.0	85000.0	90000.0
KiA RIO 1.4 MATIC 2020 SUNROOF Terawat	185000000	https://olx.co.id/olxmobbi/item/kia-rio-14-matic-2020-sunroof-terawat-iid-922110504	Kebon Jeruk	0.0	20 Jun		35000.0	40000.0
jual kia rio matic 2013	122000000	https://olx.co.id/olxmobbi/item/jual-kia-rio-matic-2013-iid-920698906	Arcamanik	0.0	20 Jun	2013.0	70000.0	75000.0
HOT ITEMS! KIA RIO 1.4 AT 2012	99000000	https://olx.co.id/olxmobbi/item/hot-items-kia-rio-14-at-2012-iid-922096048	Serpong	0.0	20 Jun		100000.0	
Kia Rio Manual Tahun 2013 Kondisi Mulus Terawat Istimewa Seperti Baru	90000000	https://olx.co.id/olxmobbi/item/kia-rio-manual-tahun-2013-kondisi-mulus-terawat-istimewa-seperti-baru-iid-922094057	Bekasi Barat	0.0	20 Jun	2013.0	155000.0	160000.0
Kia Rio 1.4 AT 2016	157500000	https://olx.co.id/olxmobbi/item/kia-rio-14-at-2016-iid-922087661	Sumur Bandung	0.0	20 Jun	2016.0	70000.0	75000.0
Dp20 JT /KIA Rio manual 2015 nik 2014	112000000	https://olx.co.id/olxmobbi/item/dp20-jt-kia-rio-manual-2015-nik-2014-iid-918020984	Jetis	0.0	20 Jun	2014.0	95000.0	100000.0
DP 10jt aja /KIA Rio manual 2012	97000000	https://olx.co.id/olxmobbi/item/dp-10jt-aja-kia-rio-manual-2012-iid-920242764	Bantul	0.0	20 Jun	2012.0	90000.0	95000.0
[OLXmobbi] Kia Rio 1.4 SE Bensin-AT 2014 Hita	125000000	https://olx.co.id/olxmobbi/item/olxmobbi-kia-rio-14-se-bensin-at-2014-hita-iid-920470914	Cibinong	2800000.0	25 Jun	2014.0		
[OLXmobbi] KIA RIO 1.4 BENSIN A/T 2013 PUTIH	122000000	https://olx.co.id/olxmobbi/item/olxmobbi-kia-rio-14-bensin-at-2013-putih-iid-922149459	DagoKemarin	2700000.0	24 Jun	2013.0	90000.0	95000.0
[OLX Mobbi] KIA Rio 1.4 Bensin-AT 2014 7BK	117000000	https://olx.co.id/olxmobbi/item/olx-mobbi-kia-rio-14-bensin-at-2014-7bk-iid-922111105	CilangkapKemarin	2600000.0	24 Jun	2014.0	115000.0	120000.0
[OLX Mobbi] Kia Rio 1.4 Bensin-AT 2013	111000000	https://olx.co.id/olxmobbi/item/olx-mobbi-kia-rio-14-bensin-at-2013-iid-921077370	Bogor Utara - KotaKemarin	2500000.0	24 Jun	2013.0	120000.0	125000.0
[OLX Mobbi] Kia Rio 1.4 SE Bensin-AT 2012 KYC	98000000	https://olx.co.id/olxmobbi/item/olx-mobbi-kia-rio-14-se-bensin-at-2012-kyc-iid-920620485	SukmajayaKemarin	2200000.0	24 Jun	2012.0	90000.0	95000.0
Dijual Kia Rio 1.4 M/T Warna Putih 2013	98000000	https://olx.co.id/olxmobbi/item/dijual-kia-rio-14-mt-warna-putih-2013-iid-920620567	Medan Sunggal	0.0	20 Jun	2013.0	100000.0	105000.0
Kia Rio 2014 Pemakaian 2015	123500000	https://olx.co.id/olxmobbi/item/kia-rio-2014-pemakaian-2015-iid-922065953	Andir	0.0	19 Jun	2014.0	30000.0	35000.0
KIA RIO Manual MT 2012	85000000	https://olx.co.id/olxmobbi/item/kia-rio-manual-mt-2012-iid-922002159	Kertak Hanyar	0.0	19 Jun	2012.0		145000.0
Kia RIo 2013 AT Merah Km100rb Matic Tangsel Vcool Terawat	119000000	https://olx.co.id/olxmobbi/item/kia-rio-2013-at-merah-km100rb-matic-tangsel-vcool-terawat-iid-922030822	Regol	0.0	19 Jun	2013.0	100000.0	105000.0
Dijual mobil kia rio	95000000	https://olx.co.id/olxmobbi/item/dijual-mobil-kia-rio-iid-922026810	Ulee Kareng		18 Jun	2012.0	100000.0	105000.0
Kia Rio manual 2016	138000000	https://olx.co.id/olxmobbi/item/kia-rio-manual-2016-iid-922015815	Daan Mogot	0.0	18 Jun		65000.0	70000.0
Kia Rio 1.4 MT. Tahun 2016. Merah. Low km. Perfect cond	138000000	https://olx.co.id/olxmobbi/item/kia-rio-14-mt-tahun-2016-merah-low-km-perfect-cond-iid-922015367	Cempaka Putih	0.0	18 Jun	2016.0	60000.0	
Dijual KIA RIO AT 2015	122000000	https://olx.co.id/olxmobbi/item/dijual-kia-rio-at-2015-iid-920443915	Gunung Putri	0.0	18 Jun	2015.0	130000.0	135000.0
Kai Rio 1.4 AT 2012 Abu Abu Metalik	99000000	https://olx.co.id/olxmobbi/item/kai-rio-14-at-2012-abu-abu-metalik-iid-921987473	Jakarta Pusat	0.0	17 Jun	2012.0	105000.0	110000.0
LOW KM!KIA RIO 1.4 AT 2012	99000000	https://olx.co.id/olxmobbi/item/low-kmkia-rio-14-at-2012-iid-921985785	Cinere		17 Jun	2012.0	105000.0	110000.0
Kia Rio 2012 Bensin	135000000	https://olx.co.id/olxmobbi/item/kia-rio-2012-bensin-iid-921976880	Cinere	0.0	17 Jun	2012.0	5000.0	10000.0
[OLXmobbi] Kia Rio 1.4 SE Bensin-AT 2014 Hita	125000000	https://olx.co.id/olxmobbi/item/olxmobbi-kia-rio-14-se-bensin-at-2014-hita-iid-920470914	Pademangan	2800000.0	25 Jun		115000.0	120000.0
[OLX Mobbi] Kia Rio 1.4 SE Bensin-MT 2013 5FE	116000000	https://olx.co.id/olxmobbi/item/olx-mobbi-kia-rio-14-se-bensin-mt-2013-5fe-iid-921850505	JatimakmurKemarin	2600000.0	24 Jun	2013.0	120000.0	125000.0
[OLX Mobbi] Kia Rio 1.4 SE Bensin-AT 2012 KYC	108000000	https://olx.co.id/olxmobbi/item/olx-mobbi-kia-rio-14-se-bensin-at-2012-kyc-iid-922181613	Medan SatriaKemarin	2400000.0	24 Jun		90000.0	95000.0
[OLXmobbi] Kia Rio 1.4 SE Bensin-MT 2013 5FE	110000000	https://olx.co.id/olxmobbi/item/olxmobbi-kia-rio-14-se-bensin-mt-2013-5fe-iid-920746741	RawalumbuKemarin	2400000.0	24 Jun	2013.0	120000.0	125000.0
[OLX Mobbi] Kia Rio 1.4 SE Bensin-AT 2012 KYC	107000000	https://olx.co.id/olxmobbi/item/olx-mobbi-kia-rio-14-se-bensin-at-2012-kyc-iid-921013189	Cibubur	2400000.0	21 Jun	2012.0		95000.0
Jual Kia Rio 2013	112000000	https://olx.co.id/olxmobbi/item/jual-kia-rio-2013-iid-921972395	Cinambo	0.0	17 Jun	2013.0	100000.0	
Jual Kia Rio 2013	112000000	https://olx.co.id/olxmobbi/item/jual-kia-rio-2013-iid-921972292	Cileunyi	0.0	17 Jun	2013.0	100000.0	105000.0
kia rio 2012 low km	98000000	https://olx.co.id/olxmobbi/item/kia-rio-2012-low-km-iid-921944406	Curug	0.0	16 Jun	2012.0	5000.0	10000.0
Wta kia rio 2013	100000000	https://olx.co.id/olxmobbi/item/wta-kia-rio-2013-iid-921933655	Tanah Abang	0.0	16 Jun	2013.0	125000.0	130000.0
Kia Rio 2012 Bensin	85000000	https://olx.co.id/olxmobbi/item/kia-rio-2012-bensin-iid-921925950	Biring Kanaya		16 Jun	2012.0	175000.0	
KIA RIO SUNROOF Manual 2018 nik 2017	154000000	https://olx.co.id/olxmobbi/item/kia-rio-sunroof-manual-2018-nik-2017-iid-921916427	Cinambo		15 Jun	2018.0	70000.0	75000.0
KM Low Antik Kia Rio Sunroof ABS 2017 Istimewa #aojg#	173000000	https://olx.co.id/olxmobbi/item/km-low-antik-kia-rio-sunroof-abs-2017-istimewa-aojg-iid-921897021	Jagakarsa	0.0	15 Jun	2017.0	25000.0	30000.0
KIA ALL NEW RIO	113000000	https://olx.co.id/olxmobbi/item/kia-all-new-rio-iid-921885551	Medan Helvetia	0.0	15 Jun	2015.0	50000.0	55000.0
Kia Rio SE 2012 MT	95000000	https://olx.co.id/olxmobbi/item/kia-rio-se-2012-mt-iid-921786279	Baleendah	0.0	15 Jun	2012.0	65000.0	70000.0
Kia Rio SE  2012 Bensin A/T	115000000	https://olx.co.id/olxmobbi/item/kia-rio-se-2012-bensin-at-iid-921859526	Sumur Bandung	0.0	14 Jun	2012.0	35000.0	40000.0
ANTik Km 1rb - Kia Rio Matic SE Platinum 2014 pemakaian 2015 bandung	169000000	https://olx.co.id/olxmobbi/item/antik-km-1rb-kia-rio-matic-se-platinum-2014-pemakaian-2015-bandung-iid-921840115	Lengkong	0.0	14 Jun	2014.0	0.0	
[OLXmobbi] Kia Rio 1.4 SE Bensin-AT 2014 Hita	125000000	https://olx.co.id/olxmobbi/item/olxmobbi-kia-rio-14-se-bensin-at-2014-hita-iid-920470914	Kelapa Gading	2800000.0	25 Jun	2014.0	115000.0	120000.0
[OLX Mobbi] Kia Rio 1.4 Bensin-AT 2013 6HR	113000000	https://olx.co.id/olxmobbi/item/olx-mobbi-kia-rio-14-bensin-at-2013-6hr-iid-920730310	Medan Satria	2500000.0	21 Jun			125000.0
[OLXmobbi] KIA Rio 1.4 SE Bensin-AT Automatic-2012	107000000	https://olx.co.id/olxmobbi/item/olxmobbi-kia-rio-14-se-bensin-at-automatic-2012-iid-920690823	HR Muhammad	2400000.0	21 Jun	2012.0	115000.0	120000.0
[OLX Mobbi] Kia Rio 1.4 Bensin-AT 2013 6HR	101000000	https://olx.co.id/olxmobbi/item/olx-mobbi-kia-rio-14-bensin-at-2013-6hr-iid-921486949	Pancoran Mas	2200000.0	21 Jun	2013.0	120000.0	125000.0
[OLXmobbi] Kia Rio 1.4 SE Bensin-MT 2013 5FE	110000000	https://olx.co.id/olxmobbi/item/olxmobbi-kia-rio-14-se-bensin-mt-2013-5fe-iid-920694137	Rawalumbu	2400000.0	20 Jun	2013.0	120000.0	125000.0
KIA RIO 1.4 SE AT 2012	113000000	https://olx.co.id/olxmobbi/item/kia-rio-14-se-at-2012-iid-921830412	Pondok Aren	0.0	13 Jun	2012.0	105000.0	
Kia Rio 2013 AT	115000000	https://olx.co.id/olxmobbi/item/kia-rio-2013-at-iid-921818831	Banguntapan	0.0	13 Jun		105000.0	110000.0
Kia Rio matic 2013	108000000	https://olx.co.id/olxmobbi/item/kia-rio-matic-2013-iid-921814489	Bekasi Barat	0.0	13 Jun		85000.0	90000.0
Jual Mobil Kia Rio ISTIMEWA masih Original 100%	109000000	https://olx.co.id/olxmobbi/item/jual-mobil-kia-rio-istimewa-masih-original-100-iid-921800190	Papandayan	0.0	13 Jun	2013.0	95000.0	100000.0
Kia Rio 2013 Bensin	109000000	https://olx.co.id/olxmobbi/item/kia-rio-2013-bensin-iid-921780878	Cibubur	0.0	12 Jun		85000.0	90000.0
DP 14JT // KIA RIO SE 1.4 MT 2013	109000000	https://olx.co.id/olxmobbi/item/dp-14jt-kia-rio-se-14-mt-2013-iid-921777911	Regol	0.0	12 Jun	2013.0		110000.0
Mobil murah KIA RIO NIK 2014 PEMAKAIAN 2015	106000000	https://olx.co.id/olxmobbi/item/mobil-murah-kia-rio-nik-2014-pemakaian-2015-iid-921763755	Medan Amplas	0.0	12 Jun	2015.0	60000.0	65000.0
Kia Rio 2012 Matic	110000000	https://olx.co.id/olxmobbi/item/kia-rio-2012-matic-iid-921750951	Sidorejo	0.0	12 Jun	2012.0	120000.0	125000.0
Kia Rio 2011 Manual	95000000	https://olx.co.id/olxmobbi/item/kia-rio-2011-manual-iid-921731882	Pekalongan Barat	0.0	11 Jun	2011.0	120000.0	125000.0
Kia New rio SE 2012 1.4 AT	110000000	https://olx.co.id/olxmobbi/item/kia-new-rio-se-2012-14-at-iid-921717953	Ujung Pandang	0.0	11 Jun	2012.0	35000.0	40000.0
TINGGAL PAKE KIA RIO 2014 FREE ACCU	112350000	https://olx.co.id/olxmobbi/item/tinggal-pake-kia-rio-2014-free-accu-iid-921643545	Ngamprah	0.0	11 Jun	2014.0	130000.0	135000.0
[OLXmobbi] Kia Rio 1.4 SE Bensin-AT 2014 Hita	125000000	https://olx.co.id/olxmobbi/item/olxmobbi-kia-rio-14-se-bensin-at-2014-hita-iid-920470914	Duren Sawit	2800000.0	25 Jun		115000.0	120000.0
[OLXmobbi] Kia Rio 1.4 Bensin-AT 2013 Merah	109000000	https://olx.co.id/olxmobbi/item/olxmobbi-kia-rio-14-bensin-at-2013-merah-iid-921429446	Cibubur	2400000.0	18 Jun	2013.0	125000.0	130000.0
[OLXmobbi]Kia Rio 1.4 Bensin Manual-2014	141000000	https://olx.co.id/olxmobbi/item/olxmobbikia-rio-14-bensin-manual-2014-iid-921989979	Dinoyo	3100000.0	17 Jun	2014.0	85000.0	90000.0
[OLXmobbi]Kia Rio 1.4 Bensin Manual-2014	141000000	https://olx.co.id/olxmobbi/item/olxmobbikia-rio-14-bensin-manual-2014-iid-921989890	Dinoyo	3100000.0	17 Jun	2014.0		90000.0
[OLX Mobbi] Kia Rio 1.4 SE Bensin-AT 2014 SMO	122000000	https://olx.co.id/olxmobbi/item/olx-mobbi-kia-rio-14-se-bensin-at-2014-smo-iid-921591838	Bambu Apus	2700000.0	14 Jun	2014.0	100000.0	105000.0
KIA RIO TAHUN 2016	125000000	https://olx.co.id/olxmobbi/item/kia-rio-tahun-2016-iid-921699514	Lueng Bata	0.0	10 Jun	2016.0	60000.0	65000.0
KM Low Antik Kia Rio Sunroof ABS 2017 Istimewa #aot#	173000000	https://olx.co.id/olxmobbi/item/km-low-antik-kia-rio-sunroof-abs-2017-istimewa-aot-iid-921688853	Duren Sawit	0.0	10 Jun	2017.0	25000.0	30000.0
KM Low Antik Kia Rio Sunroof ABS 2017 Istimewa #aobe#	173000000	https://olx.co.id/olxmobbi/item/km-low-antik-kia-rio-sunroof-abs-2017-istimewa-aobe-iid-921688778	Bekasi Barat	0.0	10 Jun	2017.0	25000.0	30000.0
KM Low Antik Kia Rio Sunroof ABS 2017 Istimewa #aobr#	173000000	https://olx.co.id/olxmobbi/item/km-low-antik-kia-rio-sunroof-abs-2017-istimewa-aobr-iid-921688697	Kebon Jeruk	0.0	10 Jun	2017.0	25000.0	30000.0
KIA Rio 2013 AB	102000000	https://olx.co.id/olxmobbi/item/kia-rio-2013-ab-iid-921680751	Ngaglik	0.0	10 Jun		115000.0	120000.0
Kia Rio 2013 Bensin	109000000	https://olx.co.id/olxmobbi/item/kia-rio-2013-bensin-iid-921674972	Cibubur	0.0	10 Jun	2013.0		90000.0
KIA RIO 2012 PAJAK BARU BULAN MEI	108000000	https://olx.co.id/olxmobbi/item/kia-rio-2012-pajak-baru-bulan-mei-iid-921625248	Magetan	0.0	09 Jun	2012.0		125000.0
Kia Visto 2001 Bensin	52000000	https://olx.co.id/olxmobbi/item/kia-visto-2001-bensin-iid-921616419	Buahbatu (Margacinta)	0.0	09 Jun		25000.0	30000.0
Cash Termurah Kia Rio Pride Istimewa	59000000	https://olx.co.id/olxmobbi/item/cash-termurah-kia-rio-pride-istimewa-iid-921613978	Tebet		09 Jun		145000.0	150000.0
KIA RIO SE 2014 MANUAL	104000000	https://olx.co.id/olxmobbi/item/kia-rio-se-2014-manual-iid-921569140	Batununggal	0.0	08 Jun	2014.0	75000.0	80000.0
Kia Rio SE manual 2014 kredit murah	110000000	https://olx.co.id/olxmobbi/item/kia-rio-se-manual-2014-kredit-murah-iid-921552138	Sumur Bandung		07 Jun		85000.0	90000.0
[OLXmobbi] Kia Rio 1.4 SE Bensin-AT 2014 Hita	125000000	https://olx.co.id/olxmobbi/item/olxmobbi-kia-rio-14-se-bensin-at-2014-hita-iid-920470914	Ciracas	2800000.0	25 Jun	2014.0	115000.0	120000.0
[OLXmobbi] KIA RIO 1.4 BENSIN-MT 2016	149000000	https://olx.co.id/olxmobbi/item/olxmobbi-kia-rio-14-bensin-mt-2016-iid-920032633	Regol	3300000.0	06 Jun	2016.0	50000.0	55000.0
Kia Rio 2011 sedan cash only	49000000	https://olx.co.id/olxmobbi/item/kia-rio-2011-sedan-cash-only-iid-920046967	Ciputat	0.0	07 Jun	2011.0	195000.0	200000.0
DIJUAL KIA RIO 2012 SE 1.4 MT	90000000	https://olx.co.id/olxmobbi/item/dijual-kia-rio-2012-se-14-mt-iid-921509552	Medan Selayang	0.0	07 Jun	2012.0		65000.0
KIA Rio 1.4 Manual 2012	88000000	https://olx.co.id/olxmobbi/item/kia-rio-14-manual-2012-iid-921504876	Bekasi Timur	0.0	06 Jun	2012.0	85000.0	90000.0
Ada diskon / KIA Rio manual 2012 / DP 10jt	97000000	https://olx.co.id/olxmobbi/item/ada-diskon-kia-rio-manual-2012-dp-10jt-iid-918280473	Jetis	0.0	06 Jun	2012.0	100000.0	105000.0
KIA Rio 1.4 2013 AT	105000000	https://olx.co.id/olxmobbi/item/kia-rio-14-2013-at-iid-919660387	Bekasi Jaya	0.0	06 Jun	2013.0	105000.0	
kia rio pride manual 211	69000000	https://olx.co.id/olxmobbi/item/kia-rio-pride-manual-211-iid-921477263	Medan Maimun		06 Jun	2011.0		105000.0
DIJUAL mobil kia rio,lokasi sungailiat	36000000	https://olx.co.id/olxmobbi/item/dijual-mobil-kia-riolokasi-sungailiat-iid-921454078	Taman Sari	0.0	05 Jun	2004.0	105000.0	110000.0
Dp 5jt Kia rio automatic thn 2013	105000000	https://olx.co.id/olxmobbi/item/dp-5jt-kia-rio-automatic-thn-2013-iid-921443518	Medan Kota	0.0	05 Jun	2013.0	80000.0	85000.0
Kia Rio Matik Merah 2020 Sunroof	190000000	https://olx.co.id/olxmobbi/item/kia-rio-matik-merah-2020-sunroof-iid-921441770	Pademangan	0.0	05 Jun	2020.0	35000.0	40000.0
kia rio manual 2013	129000000	https://olx.co.id/olxmobbi/item/kia-rio-manual-2013-iid-921409214	Piyungan		04 Jun	2013.0	20000.0	25000.0
Jual mobil KIA Rio SF tahun 2005	23000000	https://olx.co.id/olxmobbi/item/jual-mobil-kia-rio-sf-tahun-2005-iid-921408747	Mustika Jaya	0.0	04 Jun		55000.0	60000.0
[OLXmobbi] Kia Rio 1.4 SE Bensin-AT 2014 Hita	125000000	https://olx.co.id/olxmobbi/item/olxmobbi-kia-rio-14-se-bensin-at-2014-hita-iid-920470914	Pasar Minggu	2800000.0	25 Jun	2014.0	115000.0	120000.0
Kia Rio-Pride 2011 Bensin	63000000	https://olx.co.id/olxmobbi/item/kia-rio-pride-2011-bensin-iid-921384829	Buahbatu (Margacinta)	0.0	04 Jun	2011.0	105000.0	110000.0
Kia Rio at  2013	108000000	https://olx.co.id/olxmobbi/item/kia-rio-at-2013-iid-921376555	Bantar Gebang		04 Jun	2013.0	90000.0	95000.0
Kia Rio 2014 manual	120000000	https://olx.co.id/olxmobbi/item/kia-rio-2014-manual-iid-921351181	Purwokerto Barat	0.0	03 Jun	2014.0		105000.0
Kia All New Rio Sunroof 2017 Istimewa	165000000	https://olx.co.id/olxmobbi/item/kia-all-new-rio-sunroof-2017-istimewa-iid-921338327	Batununggal	0.0	03 Jun	2017.0	80000.0	
Rio 2012 1.4 SE Hatchback	88000000	https://olx.co.id/olxmobbi/item/rio-2012-14-se-hatchback-iid-921329270	Semarang Tengah	0.0	03 Jun	2012.0	35000.0	40000.0
KIA RIO SE MANUAL 2012	87000000	https://olx.co.id/olxmobbi/item/kia-rio-se-manual-2012-iid-921314748	Candisari	0.0	02 Jun	2012.0	55000.0	60000.0
Kia Rio Pride 2011 MT Antik istimewa	59000000	https://olx.co.id/olxmobbi/item/kia-rio-pride-2011-mt-antik-istimewa-iid-921287574	Cibubur	0.0	02 Jun	2011.0		150000.0
KIA RIO 2013 MATIC DP23JT	118000000	https://olx.co.id/olxmobbi/item/kia-rio-2013-matic-dp23jt-iid-921255516	Depok	0.0	01 Jun	2013.0	80000.0	85000.0
Kia Rio 2018 1Tangan Dari Baru	65000000	https://olx.co.id/olxmobbi/item/kia-rio-2018-1tangan-dari-baru-iid-917796144	Medan Tembung	0.0	01 Jun	2018.0	50000.0	55000.0
Kia rio M/T 2012	96000000	https://olx.co.id/olxmobbi/item/kia-rio-mt-2012-iid-921229814	Cimahi Selatan	0.0	31 Mei	2012.0	105000.0	110000.0
Dijual KIA Rio SE MT 2012	88000000	https://olx.co.id/olxmobbi/item/dijual-kia-rio-se-mt-2012-iid-921229029	Semarang Tengah	0.0	31 Mei		140000.0	145000.0
[OLXmobbi] Kia Rio 1.4 SE Bensin-AT 2014 Hita	125000000	https://olx.co.id/olxmobbi/item/olxmobbi-kia-rio-14-se-bensin-at-2014-hita-iid-920470914	Kemayoran	2800000.0	25 Jun	2014.0		120000.0
Kia Rio 2012 Bensin	110000000	https://olx.co.id/olxmobbi/item/kia-rio-2012-bensin-iid-921219504	Regol	0.0	31 Mei	2012.0		120000.0
KIA RIO 2014 MANUAL	112000000	https://olx.co.id/olxmobbi/item/kia-rio-2014-manual-iid-921196921	Cigugur	0.0	31 Mei	2014.0	55000.0	60000.0
KIA RIO 2013 MANUAL	100000000	https://olx.co.id/olxmobbi/item/kia-rio-2013-manual-iid-921180913	Senapelan	0.0	30 Mei		85000.0	90000.0
SERVICE RUTIN RESMI!! NEW RIO HATCHBACK SE 1.4 MATIC 2012. SIAP PAKAI	115000000	https://olx.co.id/olxmobbi/item/service-rutin-resmi-new-rio-hatchback-se-14-matic-2012-siap-pakai-iid-921172059	Astana Anyar	0.0	30 Mei	2012.0	110000.0	115000.0
Kia Rio 2012 Bensin	115000000	https://olx.co.id/olxmobbi/item/kia-rio-2012-bensin-iid-921110955	Regol	0.0	29 Mei	2012.0	115000.0	120000.0
Kia Rio Se 2012 Dp 20jt Matic	114000000	https://olx.co.id/olxmobbi/item/kia-rio-se-2012-dp-20jt-matic-iid-921100507	Regol	0.0	29 Mei	2012.0	85000.0	90000.0
KIA Rio 1.4 SE 2012	88000000	https://olx.co.id/olxmobbi/item/kia-rio-14-se-2012-iid-921097635	Semarang Tengah	0.0	29 Mei	2012.0	130000.0	135000.0
KIA Rio sedan 2006 mulus dan sehat	39000000	https://olx.co.id/olxmobbi/item/kia-rio-sedan-2006-mulus-dan-sehat-iid-921082346	Cibarusah		28 Mei	2006.0		
Kia Rio Abu Abu Cantik	120000000	https://olx.co.id/olxmobbi/item/kia-rio-abu-abu-cantik-iid-921049939	Kuta Alam	0.0	28 Mei	2015.0	100000.0	105000.0
Promo / DP 10jt / KIA Rio manual 2012	98000000	https://olx.co.id/olxmobbi/item/promo-dp-10jt-kia-rio-manual-2012-iid-918280365	Laweyan	0.0	27 Mei	2012.0	100000.0	105000.0
Kia Rio SE AT 2012 putih matic bandung hatchback	119000000	https://olx.co.id/olxmobbi/item/kia-rio-se-at-2012-putih-matic-bandung-hatchback-iid-921005306	Regol	0.0	27 Mei	2012.0		105000.0
[OLXmobbi] Kia Rio 1.4 SE Bensin-AT 2014 Hita	125000000	https://olx.co.id/olxmobbi/item/olxmobbi-kia-rio-14-se-bensin-at-2014-hita-iid-920470914	Cengkareng	2800000.0	25 Jun	2014.0	115000.0	120000.0
Kia Rio CCVT matik th 2014/2013	109000000	https://olx.co.id/olxmobbi/item/kia-rio-ccvt-matik-th-20142013-iid-915512613	Mlati	0.0	27 Mei	2014.0	120000.0	125000.0
Kia Rio CCVT matik th 2013 /2014	109000000	https://olx.co.id/olxmobbi/item/kia-rio-ccvt-matik-th-2013-2014-iid-915513453	Jatinom	0.0	27 Mei	2013.0	120000.0	125000.0
Kia Rio AT 2013	115000000	https://olx.co.id/olxmobbi/item/kia-rio-at-2013-iid-920975604	Banda Raya	0.0	26 Mei	2013.0		145000.0
[TERMURAH] KIA RIO 1.4 SE AT 2014, MULUS!!	105000000	https://olx.co.id/olxmobbi/item/termurah-kia-rio-14-se-at-2014-mulus-iid-920959370	Semarang Tengah		26 Mei	2014.0	70000.0	75000.0
All new Rio 2012 plat bekasi	90000000	https://olx.co.id/olxmobbi/item/all-new-rio-2012-plat-bekasi-iid-904650836	Pamulang	0.0	20 Sep	2012.0	85000.0	90000.0
Beli Kia Rio (2015) dpt motor	62000000	https://olx.co.id/olxmobbi/item/beli-kia-rio-2015-dpt-motor-iid-899706944	Pasar Kemis	0.0	05 Sep	2015.0	175000.0	180000.0
[OLXmobbi] Kia Rio 1.4 SE Bensin-AT 2014 Hita	125000000	https://olx.co.id/olxmobbi/item/olxmobbi-kia-rio-14-se-bensin-at-2014-hita-iid-920470914	Serpong Utara	2800000.0	25 Jun	2014.0	115000.0	120000.0
[OLXmobbi] Kia Rio 1.4 SE Bensin-AT 2014 Hita	125000000	https://olx.co.id/olxmobbi/item/olxmobbi-kia-rio-14-se-bensin-at-2014-hita-iid-920470914	Pondok Aren	2800000.0	25 Jun	2014.0	115000.0	120000.0
[OLXmobbi] Kia Rio 1.4 SE Bensin-AT 2014 Hita	125000000	https://olx.co.id/olxmobbi/item/olxmobbi-kia-rio-14-se-bensin-at-2014-hita-iid-920470914	Pamulang	2800000.0	25 Jun	2014.0	115000.0	120000.0
[OLXmobbi] Kia Rio 1.4 SE Bensin-AT 2014 Hita	125000000	https://olx.co.id/olxmobbi/item/olxmobbi-kia-rio-14-se-bensin-at-2014-hita-iid-920470914	Cipondoh	2800000.0	25 Jun	2014.0	115000.0	120000.0
[OLXmobbi] Kia Rio 1.4 SE Bensin-AT 2014 Hita	125000000	https://olx.co.id/olxmobbi/item/olxmobbi-kia-rio-14-se-bensin-at-2014-hita-iid-920470914	Ciledug	2800000.0	25 Jun	2014.0	115000.0	120000.0
[OLXmobbi] Kia Rio 1.4 SE Bensin-AT 2014 Hita	125000000	https://olx.co.id/olxmobbi/item/olxmobbi-kia-rio-14-se-bensin-at-2014-hita-iid-920470914	Tigaraksa	2800000.0	25 Jun	2014.0	115000.0	120000.0
[OLXmobbi] Kia Rio 1.4 SE Bensin-AT 2014 Hita	125000000	https://olx.co.id/olxmobbi/item/olxmobbi-kia-rio-14-se-bensin-at-2014-hita-iid-920470914	Grogol Petamburan	2800000.0	25 Jun	2014.0	115000.0	120000.0
[OLXmobbi] Kia Rio 1.4 SE Bensin-AT 2014 Putih (SMO)	130000000	https://olx.co.id/olxmobbi/item/olxmobbi-kia-rio-14-se-bensin-at-2014-putih-smo-iid-921054570	Bekasi Timur	2900000.0	25 Jun	2014.0	105000.0	110000.0
[OLXmobbi] Kia Rio 1.4 SE Bensin-AT 2014 Putih (SMO)	130000000	https://olx.co.id/olxmobbi/item/olxmobbi-kia-rio-14-se-bensin-at-2014-putih-smo-iid-921054570	Bekasi Barat	2900000.0	25 Jun	2014.0	105000.0	110000.0
[OLXmobbi] Kia Rio 1.4 SE Bensin-AT 2014 Putih (SMO)	130000000	https://olx.co.id/olxmobbi/item/olxmobbi-kia-rio-14-se-bensin-at-2014-putih-smo-iid-921054570	Bantar Gebang	2900000.0	25 Jun	2014.0	105000.0	110000.0
[OLXmobbi] Kia Rio 1.4 SE Bensin-AT 2014 Putih (SMO)	130000000	https://olx.co.id/olxmobbi/item/olxmobbi-kia-rio-14-se-bensin-at-2014-putih-smo-iid-921054570	Cikarang Barat	2900000.0	25 Jun	2014.0	105000.0	110000.0
[OLXmobbi] Kia Rio 1.4 SE Bensin-AT 2014 Putih (SMO)	130000000	https://olx.co.id/olxmobbi/item/olxmobbi-kia-rio-14-se-bensin-at-2014-putih-smo-iid-921054570	Bekasi Utara	2900000.0	25 Jun	2014.0	105000.0	110000.0
[OLXmobbi] Kia Rio 1.4 SE Bensin-AT 2014 Putih(SMO)	115000000	https://olx.co.id/olxmobbi/item/olxmobbi-kia-rio-14-se-bensin-at-2014-putihsmo-iid-922138713	Cikarang Selatan		25 Jun	2014.0	105000.0	
[OLXmobbi] Kia Rio 1.4 SE Bensin-AT 2014 Putih(SMO)	115000000	https://olx.co.id/olxmobbi/item/olxmobbi-kia-rio-14-se-bensin-at-2014-putihsmo-iid-922138713	Matraman	2600000.0	25 Jun	2014.0	105000.0	110000.0
[OLXmobbi] Kia Rio 1.4 SE Bensin-AT 2014 Putih(SMO)	115000000	https://olx.co.id/olxmobbi/item/olxmobbi-kia-rio-14-se-bensin-at-2014-putihsmo-iid-922138713	Jatinegara	2600000.0	25 Jun	2014.0	105000.0	110000.0
[OLXmobbi] Kia Rio 1.4 SE Bensin-AT 2014 Putih(SMO)	115000000	https://olx.co.id/olxmobbi/item/olxmobbi-kia-rio-14-se-bensin-at-2014-putihsmo-iid-922138713	Duren Sawit	2600000.0	25 Jun	2014.0	105000.0	110000.0
[OLXmobbi] Kia Rio 1.4 SE Bensin-AT 2014 Putih (SMO-)	130000000	https://olx.co.id/olxmobbi/item/olxmobbi-kia-rio-14-se-bensin-at-2014-putih-smo--iid-922268793	Mustika Jaya	2900000.0	25 Jun	2014.0	105000.0	110000.0
[OLXmobbi] Kia Rio 1.4 SE Bensin-AT 2014 Putih (SMO-)	130000000	https://olx.co.id/olxmobbi/item/olxmobbi-kia-rio-14-se-bensin-at-2014-putih-smo--iid-922268793	Jatiasih	2900000.0	25 Jun	2014.0	105000.0	
[OLXmobbi] Kia Rio 1.4 SE Bensin-AT 2014 Putih (SMO-)	130000000	https://olx.co.id/olxmobbi/item/olxmobbi-kia-rio-14-se-bensin-at-2014-putih-smo--iid-922268793	Jatiluhur		25 Jun	2014.0	105000.0	
[OLXmobbi] Kia Rio 1.4 SE Bensin-AT 2014 Putih (SMO-)	130000000	https://olx.co.id/olxmobbi/item/olxmobbi-kia-rio-14-se-bensin-at-2014-putih-smo--iid-922268793	Jati Sampurna	2900000.0	25 Jun	2014.0	105000.0	110000.0
